lon,lat
138.252924,36.204824
10.3279036,44.801485
-66.0033838,18.3563169
-110.9559192,29.0729673
-95.712891,37.09024
-93.2650108,44.977753
-122.6679381,49.082679
-118.2436849,34.0522342
-90.8287931,29.7895572
138.3830845,34.9771201
0.2494235,50.908596
-83.860493,33.5967091
11.6901928,45.647449
-94.705405,37.4196255
-95.3900419,45.6502392
-74.0059728,40.7127753
19.2958332,47.6622222
-74.0059728,40.7127753
-105.2253316,20.653407
12.56738,41.87194
-111.9318663,41.6388754
-84.5120196,39.1031182
34.888822,-6.369028
-95.971261,36.153315
-73.5491361,52.9399159
-111.3314145,36.352694
-100.3161126,25.6866142
-121.9157834,37.7962428
-82.907123,40.4172871
139.6917064,35.6894875
25.4650772,65.0120888
-71.5500276,-33.0153481
-75.163389,39.9629406
-2.0784138,55.2082542
-74.5402506,40.2677539
-94.6169012,38.966673
-102.4909131,19.6447923
-75.6756888,4.5350004
-93.3708567,37.2191474
-75.163389,39.9629406
10.451526,51.165691
-71.5500276,-33.0153481
-108.985882,25.7904657
-105.2551187,54.5259614
-0.5157492,48.8788472
12.5232203,41.8828053
-79.9223592,-2.1709979
13.2419344,46.0560167
0.4690888,51.7343313
12.56738,41.87194
-70.9170683,-53.1638329
9.189982,45.4642035
-94.705405,37.4196255
-107.4795173,25.1721091
9.0128926,40.1208752
-81.6619524,41.4096384
22.1689265,60.4859122
-79.9958864,40.4406248
-66.9036063,10.4805937
-80.6529856,41.0249916
12.3281424,45.4300962
9.537499,33.886917
12.56738,41.87194
8.227512,46.818188
12.4963655,41.9027835
13.2345794,46.0710668
-70.6692655,-33.4488897
12.56738,41.87194
-77.0368707,38.9071923
-77.0368707,38.9071923
55.2707828,25.2048493
-86.8663978,21.1398997
-95.712891,37.09024
10.451526,51.165691
-80.782127,8.537981
-71.6126885,-33.047238
6.6544111,51.6005212
6.6555022,50.9451945
-0.1277583,51.5073509
14.0153557,37.5999938
-70.6752134,-33.5630463
-118.2436849,34.0522342
12.56738,41.87194
-79.3831843,43.653226
-93.2777226,44.7677424
-108.4673051,25.5666987
-81.3792365,28.5383355
-71.542969,-35.675147
-78.1677363,43.9593373
151.225364,-33.889067
12.56738,41.87194
-79.6248197,43.6777176
-94.4840626,39.1707757
-89.3985283,40.6331249
22.8015531,37.5673173
-3.435973,55.378051
6.9969327,49.2401572
12.989615,43.5058744
-114.0708459,51.0486151
-82.9987942,39.9611755
-106.4245478,31.6903638
-57.8837173,-34.8730675
-118.2436849,34.0522342
10.3164144,43.5386997
-70.6692655,-33.4488897
8.946256,44.4056499
-74.0059728,40.7127753
45.079162,23.885942
9.950687,55.3477316
-80.081104,26.933498
-89.4012302,43.0730517
22.462143,47.6814513
-111.880771,40.8893895
-118.2436849,34.0522342
-122.2711137,37.8043637
-106.346771,56.130366
-35.7089492,-9.6498487
13.404954,52.5200066
12.4370156,37.798045
-100.0170787,37.7527982
-97.4394777,35.2225668
-71.6055123,-33.5922807
-110.9559192,29.0729673
10.6296859,44.6989932
-3.435973,55.378051
-96.2368465,41.2831958
22.9444191,40.6400629
-102.552784,23.634501
-5.9844589,37.3890924
-86.856333,33.41178
-95.712891,37.09024
-2.4282192,53.5768647
-95.712891,37.09024
-117.3614806,34.1920507
-71.1170742,42.3388974
-75.1652215,39.9525839
9.9936819,53.5510846
12.56738,41.87194
10.451526,51.165691
-99.133208,19.4326077
-74.4518188,40.4862157
-98.7623874,20.0910963
4.8949191,52.3747422
8.4305638,49.3453316
-0.1277583,51.5073509
-65.7206559,18.3789857
-106.346771,56.130366
-106.346771,56.130366
-66.590149,18.220833
-72.073063,-45.5698334
8.0583397,45.5628842
-86.80249,33.5206608
0.121817,52.205337
-99.0018424,22.0025712
-71.542969,-35.675147
-108.985882,25.7904657
-71.542969,-35.675147
11.5819805,48.1351253
9.9936819,53.5510846
-97.181522,32.858797
-93.0899578,44.9537029
12.56738,41.87194
-84.2914892,34.4581622
139.5907557,35.7258581
-77.042754,-12.0463731
9.6961167,54.2193672
-99.133208,19.4326077
-106.2800242,43.4113604
-111.9260519,33.4941704
9.189982,45.4642035
-89.2199264,37.7093735
-71.1804988,8.5698244
-94.6707917,38.9822282
-95.712891,37.09024
-87.6555284,41.8912255
-95.712891,37.09024
-107.3940117,24.8090649
-104.0072348,19.1222634
-66.1057355,18.4655394
10.9477782,43.7178919
-77.042754,-12.0463731
-106.346771,56.130366
-94.315422,35.2260397
-95.712891,37.09024
-121.4943996,38.5815719
-73.0443904,-36.8201352
-100.3161126,25.6866142
139.6917064,35.6894875
-94.5785667,39.0997265
37.3899005,40.799058
-74.0059728,40.7127753
-82.5551733,41.3950489
-77.285787,1.2058837
-118.2436849,34.0522342
-70.6504896,-33.4375545
-122.3320708,47.6062095
-0.1277583,51.5073509
-71.7147951,10.6544509
-70.6692655,-33.4488897
-70.6692655,-33.4488897
-77.0368707,38.9071923
-94.705405,37.4196255
-71.5500276,-33.0153481
7.9923572,50.9693854
-77.042754,-12.0463731
-95.712891,37.09024
-82.0131924,39.9403453
-102.552784,23.634501
-102.552784,23.634501
28.9783589,41.0082376
8.8531265,45.611892
-77.042754,-12.0463731
-70.162651,18.735693
14.367553,41.0854362
11.4921045,44.6268305
8.8354706,45.3154921
-93.3708567,37.2191474
12.9155494,43.9124756
-75.163389,39.9629406
-70.9170683,-53.1638329
-88.0834059,42.0333607
-71.542969,-35.675147
-97.2365461,49.9098283
-114.0708459,51.0486151
-117.8311428,33.7174708
6.8289971,46.4702528
12.4963655,41.9027835
-73.2452433,10.4745592
140.4467935,36.3418112
136.7222906,35.3912272
-66.6140616,18.0110768
3.3792057,6.5243793
3.3792057,6.5243793
-71.5723953,43.1938516
-51.92528,-14.235004
-122.5994018,46.9391353
12.56738,41.87194
-93.2650108,44.977753
-75.4090176,40.075033
12.989615,41.6552418
11.2558136,43.7695604
9.8452433,45.4790671
134.6734778,34.8530808
-122.4013556,37.790933
-82.907123,40.4172871
31.2357116,30.0444196
2.3522219,48.856614
2.213749,46.227638
11.0766654,49.4521018
12.661452,45.9563684
9.189982,45.4642035
-95.3698028,29.7604267
-93.3708567,37.2191474
-35.7089492,-9.6498487
2.3522219,48.856614
7.6868565,45.070312
12.56738,41.87194
127.3865795,35.6897205
-3.7037902,40.4167754
-97.3393788,38.0320628
126.9779692,37.566535
-88.1227199,42.0629915
16.3738189,48.2081743
10.6296859,44.6989932
11.2558136,43.7695604
-99.133208,19.4326077
-99.8236533,16.8531086
-87.3210411,35.4713108
-78.458708,38.253749
-93.3708567,37.2191474
-77.0368707,38.9071923
7.6615938,51.4332367
14.2681244,40.8517746
139.670065,35.8798221
110.4262088,-7.8753849
144.9630576,-37.8136276
11.8767611,45.4064349
10.9252269,44.647128
12.56738,41.87194
2.213749,46.227638
2.213749,46.227638
7.0498442,4.815554
-95.712891,37.09024
-75.1652215,39.9525839
-90.1994042,38.6270025
0.340375,46.580224
151.7525,-32.942778
0.340375,46.580224
13.1389184,43.767771
-65.4231976,-24.7821269
8.946256,44.4056499
12.56738,41.87194
139.6423446,35.4475073
-66.1057355,18.4655394
11.5819805,48.1351253
144.9630576,-37.8136276
-115.1398296,36.1699412
18.0685808,59.3293235
-3.435973,55.378051
-77.4291005,39.4352789
11.3426162,44.494887
-95.712891,37.09024
-66.6464068,18.444247
-75.5595887,6.3367288
-80.1917902,25.7616798
12.56738,41.87194
7.0982068,50.73743
-118.2436849,34.0522342
9.6929845,45.0526206
-98.4936282,29.4241219
-112.0157331,41.5118042
2.3522219,48.856614
12.4963655,41.9027835
-88.4791376,19.1817393
-69.9312117,18.4860575
-122.2913078,37.8271784
80.2707184,13.0826802
27.6781725,62.89797
-2.000846,43.298895
-117.8311428,33.7174708
-84.3951098,33.763382
0.4690888,51.7343313
-110.5599556,45.6614105
-74.297333,4.570868
-90.0489801,35.1495343
-97.4107128,35.463494
153.0251235,-27.4697707
-117.3961564,33.9533487
-73.9992966,40.7453369
-102.552784,23.634501
-74.0059728,40.7127753
-66.58973,6.42375
101.686855,3.139003
-86.158068,39.768403
-100.3161126,25.6866142
-71.542969,-35.675147
-98.3420118,40.9263957
-71.229703,-33.6832805
-102.552784,23.634501
-118.2436849,34.0522342
-89.9398117,34.5106609
-100.5408622,28.6916182
-79.3831843,43.653226
-94.8858492,47.4875361
-95.712891,37.09024
-93.9728767,32.741705
-66.590149,18.220833
-6.8498129,33.9715904
-71.542969,-35.675147
-118.2436849,34.0522342
-95.712891,37.09024
-108.4673051,25.5666987
-71.542969,-35.675147
151.2092955,-33.8688197
-66.590149,18.220833
137.3914662,34.7691995
-80.1917902,25.7616798
-96.7311034,43.5445959
-108.9917304,25.7904061
-98.4864829,45.4646985
-95.712891,37.09024
-121.4943996,38.5815719
-100.9855409,22.1564699
-76.4921829,38.9784453
2.139364,41.3831665
-80.1917902,25.7616798
-83.6516063,42.46059
-74.0059728,40.7127753
-95.712891,37.09024
-111.9426452,33.5311541
-66.9036063,10.4805937
-110.0226843,33.7682826
-117.1610838,32.715738
-71.0765188,42.3388111
-67.0785302,18.4991537
-66.58973,6.42375
-0.1277583,51.5073509
-1.2577263,51.7520209
-101.2475243,21.0166923
-108.9917304,25.7904061
-74.0059728,40.7127753
-64.183316,10.431916
-84.3879824,33.7489954
-94.846681,39.7674578
-118.2436849,34.0522342
174.871122,-36.960762
-97.9367288,38.0539477
-100.9855409,22.1564699
-66.58973,6.42375
-79.6082171,43.7289981
-95.712891,37.09024
-74.0059728,40.7127753
-103.3496092,20.6596988
138.252924,36.204824
144.7851531,-37.4713077
-73.4766754,45.4687797
-100.9855409,22.1564699
-58.443832,-23.442503
12.56738,41.87194
-88.2433829,40.1164204
-42.8942354,-20.4113745
-100.9855409,22.1564699
-84.3879824,33.7489954
12.56738,41.87194
4.8949191,52.3747422
-111.8910474,40.7607793
-93.2009998,44.9374831
-99.0018424,22.0025712
9.189982,45.4642035
-0.1494988,40.1451772
-79.9223592,-2.1709979
127.1648943,37.2835322
-79.8711024,43.2557206
139.7319925,35.7090259
-100.9855409,22.1564699
-71.542969,-35.675147
13.1033646,46.2259177
9.4964429,40.9235764
-81.5157535,27.6648274
-121.2890062,44.0706845
10.5026361,45.5503336
-2.9959936,51.6308214
14.1320793,40.9988562
-96.5272313,40.9172208
-120.142554,34.596531
8.4036527,49.0068901
-101.2573586,21.0190145
-78.8866943,33.6890603
-111.9260519,33.4941704
10.9252269,44.647128
-95.762766,48.8460926
-80.8567501,40.9008923
-6.6708882,53.641899
-0.1277583,51.5073509
15.9165105,41.6307347
-100.3898881,20.5887932
-71.7622481,-36.7225743
-70.162651,18.735693
11.2558136,43.7695604
-94.5828885,39.0906687
-89.7393861,29.5244112
-70.6692655,-33.4488897
-66.590149,18.220833
138.252924,36.204824
-100.9855409,22.1564699
-70.65074,-33.454275
-95.712891,37.09024
-96.9488945,32.8140177
101.975766,4.210484
-73.0443904,-36.8201352
12.5493261,55.6751812
51.3889736,35.6891975
-70.6692655,-33.4488897
12.5683372,55.6760968
110.3694896,-7.7955798
10.203921,56.162939
-79.9223592,-2.1709979
-52.3375886,-31.7653989
127.766922,35.907757
-73.1149469,-40.5761897
-72.5903739,-38.7359018
-98.2062727,19.0414398
9.6772698,45.6982642
9.1172064,45.6017072
-100.3161126,25.6866142
-103.3496092,20.6596988
11.346366,45.453046
-70.6692655,-33.4488897
-77.285787,1.2058837
9.6961167,54.2193672
14.2681244,40.8517746
11.690976,45.7623333
-117.0991967,32.6781085
-70.5433579,44.5571093
-94.6858998,46.729553
-94.6858998,46.729553
149.1300092,-35.2809368
-76.6127329,40.96342
-110.9559192,29.0729673
-100.3898876,20.5888184
-77.0368707,38.9071923
9.9936819,53.5510846
-74.4607407,40.3086458
-72.9833,-41.3167
-95.9915373,36.156895
-75.6971931,45.4215296
-93.4687489,44.9211836
34.888822,-6.369028
-82.3641751,28.182893
-89.9398117,34.5106609
-80.8486846,35.4993031
-79.3831843,43.653226
-80.1917902,25.7616798
-52.3375886,-31.7653989
-71.6055123,-33.5922807
-100.9855409,22.1564699
101.5944885,3.1278871
16.5987187,41.2027767
13.0208058,48.7896497
-0.1277583,51.5073509
-78.183406,-1.831239
-93.6001278,41.7317884
9.189982,45.4642035
7.6868565,45.070312
-83.9207392,35.9606384
-76.6121893,39.2903848
8.6454736,49.8223015
2.1734035,41.3850639
-104.6587821,24.5592665
-99.9018131,41.4925374
10.7356634,36.4512893
78.96288,20.593684
-3.435973,55.378051
113.921327,-0.789275
-2.2059305,51.7364979
7.5153885,45.0522366
-72.331113,-38.948921
-100.9854628,22.1565651
-98.7623874,20.0910963
-90.2948602,32.3655613
-70.6692655,-33.4488897
102.4054538,2.8965766
-99.133208,19.4326077
-102.5832426,22.7708555
-90.1848103,32.2987573
-71.5661874,43.8047942
-111.9400054,33.4255104
-102.5832426,22.7708555
-108.985882,25.7904657
-73.7562317,42.6525793
-99.2037508,19.5094012
116.8785178,-1.2676339
-77.8600012,40.7933949
-79.6903316,44.3893556
-68.5219538,44.4174864
-104.8202462,41.1399814
-71.542969,-35.675147
-71.2166838,-33.6861588
11.5819805,48.1351253
-74.1020866,41.0317637
24.9383791,60.1698557
2.3522219,48.856614
15.0830304,37.5078772
-99.9018131,31.9685988
-71.2519374,-29.9026691
38.996815,34.802075
-100.9855409,22.1564699
-71.1061639,42.4184296
-112.0740373,33.4483771
-73.2452103,-39.8195857
-106.346771,56.130366
14.2681244,40.8517746
-80.2169047,44.5007687
-78.1260129,0.3499768
-113.7173037,52.475399
-77.0368707,38.9071923
-70.6692655,-33.4488897
-111.8331181,41.7615466
-93.6091064,41.6005448
-64.3682804,45.897903
-102.5832426,22.7708555
-79.3831843,43.653226
7.6868565,45.070312
31.03351,-17.8251657
-78.83222,35.593877
-111.8314724,33.4151843
-77.297508,18.109581
-97.7430608,30.267153
9.189982,45.4642035
-70.65074,-33.454275
-79.6903316,44.3893556
-77.0368707,38.9071923
-111.8910474,40.7607793
-79.9471253,32.7843404
-88.296146,18.5001889
11.8767611,45.4064349
-79.9223592,-2.1709979
-116.278007,34.210934
-77.0368707,38.9071923
-115.5844089,48.9412132
-102.5832426,22.7708555
-104.990251,39.7392358
-80.2225448,-3.4763823
-79.9668308,-3.4593888
-102.5832426,22.7708555
-73.996337,40.7529454
9.189982,45.4642035
-66.590149,18.220833
9.9936819,53.5510846
-66.590149,18.220833
83.9310623,28.5983159
-119.0376023,34.2163937
-111.651302,35.1982836
-102.5832426,22.7708555
30.3350986,59.9342802
-80.0656611,-3.5562451
2.1734035,41.3850639
-70.6692655,-33.4488897
-100.3898876,20.5888184
-79.2331085,45.3356885
-79.6903316,44.3893556
34.851612,31.046051
-95.712891,37.09024
-96.1342241,19.173773
28.2292712,-25.7478676
-118.3852167,34.0812107
-78.6950804,35.8143669
-105.2253316,20.653407
-95.7983076,35.9741965
-80.1494901,26.0112014
-80.2169047,44.5007687
-71.5500276,-33.0153481
-118.3430208,46.0645809
-0.1277583,51.5073509
-3.435973,55.378051
-46.6333094,-23.5505199
-80.2621852,40.615537
-80.4638552,43.4565521
-78.1210327,0.3697668
9.950687,55.3477316
-8.4863157,51.8968917
-93.3708567,37.2191474
-71.6484804,-35.4232444
-77.1710914,38.882334
-94.6858998,46.729553
-98.7591311,20.1010608
-74.0059728,40.7127753
-101.1949825,19.7059504
-100.3898876,20.5888184
11.2558136,43.7695604
-74.273191,39.677311
-81.455364,42.8024637
-102.552784,23.634501
-100.9855409,22.1564699
-79.8056661,-3.3259044
-102.552784,23.634501
-72.8748414,-40.0684279
-72.331113,-40.2310217
-72.4822123,-40.3211603
-85.4783054,39.6911569
-79.6109049,-3.6873033
-2.9262307,51.105097
-78.183406,-1.831239
-101.7068294,19.5665192
-98.7298048,20.1116028
-101.1949825,19.7059504
-122.0838511,37.3860517
-74.0059728,40.7127753
-71.0994968,42.3875968
11.8796336,43.4632839
12.3730747,51.3396955
-115.1745559,36.1023715
-79.0558445,35.9131996
-74.0059728,40.7127753
-122.6801343,45.5134542
-72.3612251,-37.4629159
-75.6971931,45.4215296
-99.133208,19.4326077
153.3360824,-28.320625
9.8450766,52.6367036
-71.542969,-35.675147
-120.7401385,47.7510741
-70.6692655,-33.4488897
-77.4575641,42.6117011
-75.163389,39.9629406
-95.712891,37.09024
12.56738,41.87194
-121.4943996,38.5815719
-78.183406,-1.831239
16.22868,41.1382473
7.0192196,51.0459248
-83.985,42.43472
-79.3831843,43.653226
12.4963655,41.9027835
10.6604022,48.4567827
-85.5800022,42.2011538
-78.183406,-1.831239
15.04804,37.472075
-78.2647004,0.3071217
-77.285787,1.2058837
-95.9145568,41.1543623
34.888822,-6.369028
29.0609636,40.1885281
-90.5776367,41.5236437
-72.0995209,41.3556539
-89.2199264,37.7093735
-102.552784,23.634501
-0.1277583,51.5073509
-73.9807922,40.6394284
-100.9855409,22.1564699
-93.3708567,37.2191474
-70.6692655,-33.4488897
-71.2519374,-29.9026691
-2.2059305,51.7364979
-122.8490125,49.1913466
78.6501573,21.4557975
-102.552784,23.634501
15.8056041,40.6404067
11.2186396,44.5967607
-100.9855409,22.1564699
-71.463284,42.9963655
-117.1610838,32.715738
12.7158191,46.1678238
-123.133569,49.1665898
12.56738,41.87194
103.7413591,1.492659
-123.0943686,48.0785843
10.0181593,53.4939965
-66.590149,18.220833
7.6261347,51.9606649
-99.133208,19.4326077
-123.3873877,44.6281686
-81.609844,41.127833
-57.575926,-25.2637399
-119.74079,49.7702994
2.3112488,48.8403734
-101.6859605,21.1250077
-77.0469214,38.8048355
123.8854366,10.3156992
-84.5120196,39.1031182
-73.9973608,41.9270367
-94.9271868,38.8108408
19.8335496,45.2671352
-87.8411818,42.325578
106.8197894,-6.2185081
-3.530875,50.7155591
12.4963655,41.9027835
-87.6297982,41.8781136
-93.6091064,41.6005448
-73.790959,42.2528649
-70.5312022,-33.3848717
102.7872325,17.4138413
-95.712891,37.09024
-71.1097335,42.3736158
-76.7083033,40.2653681
-77.042754,-12.0463731
-66.0387235,18.2138036
-87.6297982,41.8781136
13.7768182,45.6495264
6.1431577,46.2043907
-99.2163563,19.3161947
-100.2596935,25.6775595
-98.2062727,19.0414398
-46.6333094,-23.5505199
10.0628514,52.6175963
-73.087749,41.6032207
-100.9854628,22.1565651
-1.0879769,50.8197675
-70.6692655,-33.4488897
-78.183406,-1.831239
-77.0368707,38.9071923
-81.5582714,28.3575294
-77.0368707,38.9071923
-66.590149,18.220833
-71.542969,-35.675147
-77.0368707,38.9071923
-79.9223592,-2.1709979
-103.3496092,20.6596988
-79.3831843,43.653226
14.5363969,37.491682
7.5353625,45.0057265
8.1185103,49.0984007
107.6191228,-6.9174639
-67.1540698,18.4274454
-73.2452103,-39.8195857
-71.542969,-35.675147
10.451526,51.165691
-79.4084652,45.1841122
-96.6851982,40.8257625
-70.6692655,-33.4488897
-0.1277583,51.5073509
-100.9855409,22.1564699
-113.4909267,53.544389
-66.9036063,10.4805937
-100.3161126,25.6866142
-118.1479208,34.1469288
-71.542969,-35.675147
-90.4673059,29.5946595
-70.3321587,-27.3665763
12.56738,41.87194
-70.6692655,-33.4488897
-80.1050604,41.3392232
-114.0708459,51.0486151
-78.183406,-1.831239
-0.1277583,51.5073509
-71.5186065,-32.9299468
-123.122747,49.273892
-110.9559192,29.0729673
-93.097702,41.8780025
-78.771424,38.964102
-119.8138027,39.5296329
-77.1527578,39.0839973
-101.6859605,21.1250077
-78.183406,-1.831239
8.6821267,50.1109221
-77.0260856,38.9910958
-117.6508876,34.0633443
-3.435973,55.378051
-85.323214,51.253775
-75.3926959,38.1770634
-73.1169808,-36.7247834
11.0186379,50.9845517
-3.3260904,52.6464249
-81.1637245,33.836081
12.56738,41.87194
-3.7837117,52.1306607
6.7734556,51.2277411
-78.791265,1.787434
-73.158318,44.496712
10.7336395,59.9210933
-0.1277583,51.5073509
-70.599767,-33.5141494
-86.1349019,40.2671941
-66.590149,18.220833
110.3694896,-7.7955798
-70.3975022,-23.6509279
4.2206039,50.8256399
-57.575926,-25.2637399
100.6196553,34.047863
-83.017962,40.0931191
11.6276237,52.1205333
66.923684,48.019573
12.56738,41.87194
-66.035249,18.2387995
2.3522219,48.856614
-70.6692655,-33.4488897
-0.1277583,51.5073509
-66.590149,18.220833
11.0766654,49.4521018
-93.2650108,44.977753
6.0838868,50.7753455
9.0851765,45.8080597
-100.9855409,22.1564699
-0.1277583,51.5073509
4.3517211,50.8503463
106.8961132,-6.2320993
-80.4831917,43.450301
10.845346,51.0109892
11.02988,50.9847679
10.451526,51.165691
138.252924,36.204824
4.3517211,50.8503463
-70.6692655,-33.4488897
-77.0368707,38.9071923
10.9916215,45.4383842
-71.542969,-35.675147
125.5603143,-8.5568557
-95.6179019,37.0341738
9.8452433,45.4790671
-70.7423218,-33.7309374
-82.1338961,29.2016499
10.451526,51.165691
-93.3708567,37.2191474
10.451526,51.165691
9.189982,45.4642035
-95.7257968,32.3593117
-87.9064736,43.0389025
-76.6412712,39.0457549
-93.3708567,37.2191474
-0.1277583,51.5073509
-60.978893,13.909444
121.774017,12.879721
12.2430437,45.6668893
-79.6903316,44.3893556
-93.3708567,37.2191474
12.56738,41.87194
24.96676,45.943161
-81.2452768,42.9849233
-71.542969,-35.675147
12.56738,41.87194
9.189982,45.4642035
23.6537459,35.4945873
5.291266,52.132633
13.404954,52.5200066
-76.8449341,39.1674643
-75.163389,39.9629406
2.7753408,42.976935
20.2038559,47.8057617
-75.163389,39.9629406
16.3738189,48.2081743
9.0725464,39.9451008
-3.7837117,52.1306607
6.9602786,50.937531
114.057865,22.543096
-87.6297982,41.8781136
133.775136,-25.274398
151.2092955,-33.8688197
11.2558136,43.7695604
10.451526,51.165691
12.4899771,41.8937201
-97.3393788,38.0320628
0.578411,51.517083
-6.4923145,54.7877149
-121.9112616,36.9741704
8.2609671,44.1306408
12.5683372,55.6760968
-0.1277583,51.5073509
101.975766,4.210484
7.3914998,51.3860225
4.3517211,50.8503463
101.686855,3.139003
7.8459496,47.9935441
8.6209707,52.3814709
-118.2436849,34.0522342
12.4963655,41.9027835
13.404954,52.5200066
-66.590149,18.220833
139.8835651,36.565725
6.6150917,51.8384277
9.501785,56.26392
-104.6587821,24.5592665
133.775136,-25.274398
100.5394558,13.758563
-7.6920536,53.1423672
101.686855,3.139003
12.4963655,41.9027835
-66.590149,18.220833
-66.590149,18.220833
12.56738,41.87194
14.5480484,40.810117
10.451526,51.165691
-75.4090176,40.075033
16.3738189,48.2081743
4.469936,50.503887
-0.1277583,51.5073509
11.3426162,44.494887
139.6917064,35.6894875
14.2988085,42.415183
-102.552784,23.634501
-71.651254,41.5866309
-87.6297982,41.8781136
8.2472526,49.9928617
-102.4107493,34.2331373
-0.1277583,51.5073509
139.7319925,35.7090259
139.7319925,35.7090259
-80.3144276,43.3616211
7.2162363,51.4818445
-102.4107493,34.2331373
-75.163389,39.9629406
-100.9854628,22.1565651
9.3501336,48.6616037
-100.9854628,22.1565651
139.0364126,37.9161924
-95.971261,36.153315
-118.2436849,34.0522342
101.975766,4.210484
-82.907123,40.4172871
-105.2705456,40.0149856
-95.712891,37.09024
-77.4105409,39.4142688
-84.3879824,33.7489954
-73.4766754,45.4687797
-93.097702,36.5692952
-111.9260519,33.4941704
133.775136,-25.274398
101.5944885,3.1278871
-88.0118473,41.7435073
-66.1057355,18.4655394
-98.4936282,29.4241219
-91.8723497,32.7562463
-66.590149,18.220833
-81.5157535,27.6648274
-80.9262062,43.7663545
79.0881546,21.1458004
7.5885761,47.5595986
-95.712891,37.09024
-100.9855409,22.1564699
9.189982,45.4642035
137.3914662,34.7691995
-57.7479706,-35.0859629
15.6472914,38.1113006
-88.7878678,43.7844397
-99.133208,19.4326077
12.4963655,41.9027835
-79.9958864,40.4406248
-74.0059728,40.7127753
14.2681244,40.8517746
-82.2195344,27.9941885
-116.419389,34.9592083
9.2010643,45.4497676
-70.6692655,-33.4488897
101.686855,3.139003
13.7289167,42.1920119
-70.6692655,-33.4488897
-103.2310149,44.0805434
-108.985882,25.7904657
-118.2013213,34.0616357
-95.712891,37.09024
-102.552784,23.634501
-66.58973,6.42375
-85.5872286,42.2917069
-108.4673051,25.5666987
-116.2146068,43.6187102
10.3105674,43.548473
-77.2013705,39.1434406
-102.552784,23.634501
-79.0058965,-2.9001285
-95.712891,37.09024
-96.4003069,42.4999942
-65.8736245,18.1855753
-99.133208,19.4326077
-66.58973,6.42375
6.6322734,46.5196535
-122.272747,37.8715926
-107.3940117,24.8090649
-70.6692655,-33.4488897
-73.5491361,52.9399159
-84.3879824,33.7489954
-79.3831843,43.653226
-107.4795173,25.1721091
-0.3762881,39.4699075
-66.166,18.1119051
-80.782127,8.537981
-71.542969,-35.675147
-95.9979883,41.2523634
-121.947311,36.8007413
12.56738,41.87194
-100.9855409,22.1564699
11.895656,45.407095
7.0982068,50.73743
-79.0067508,-2.8963065
-71.542969,-35.675147
-118.2436849,34.0522342
-99.133208,19.4326077
-71.542969,-35.675147
-76.2080869,36.8144498
-114.3224548,34.483901
-8.6446202,42.4298846
-77.4105409,39.4142688
-75.163389,39.9629406
-66.590149,18.220833
-66.590149,18.220833
11.3426162,44.494887
-72.1023351,-36.6062618
12.2464292,44.1396438
-93.847189,44.9635738
-70.6692655,-33.4488897
-89.3985283,32.3546679
-114.0530065,35.189443
-68.0591888,-38.9516784
-79.2317521,43.7764258
-84.3879824,33.7489954
-78.4678382,-0.1806532
144.9630576,-37.8136276
-66.590149,18.220833
-78.183406,-1.831239
-79.8711024,43.2557206
-84.3879824,33.7489954
6.9602786,50.937531
11.5819805,48.1351253
139.7319925,35.7090259
-123.4307413,48.118146
-71.5500276,-33.0153481
4.835659,45.764043
-77.0368707,38.9071923
-70.6692655,-33.4488897
-99.1495107,19.4356338
12.8586741,40.9357929
-122.3320708,47.6062095
10.1927389,42.7781867
-77.0368707,38.9071923
-77.0368707,38.9071923
-79.9223592,-2.1709979
-81.6911559,27.8617347
-66.590149,18.220833
-95.971261,36.153315
-104.990251,39.7392358
-117.1610838,32.715738
-66.1057355,18.4655394
12.56738,41.87194
-66.590149,18.220833
-102.8687414,23.1777586
-70.6692655,-33.4488897
-66.1110682,18.3615548
-71.0588801,42.3600825
4.8949191,52.3747422
-71.0588801,42.3600825
12.989615,41.6552418
13.1033646,46.2259177
-111.3080244,45.2617806
18.4240553,-33.9248685
-70.6692655,-33.4488897
-107.4795173,25.1721091
153.1932534,-28.6104322
18.4240553,-33.9248685
-0.1277583,51.5073509
-116.2146068,43.6187102
-77.4360481,37.5407246
12.56738,41.87194
-102.552784,23.634501
-84.264492,33.556215
-122.4457696,47.2563569
-71.1061639,42.4184296
-55.491477,-8.783195
7.6615938,51.4332367
-105.7820674,39.5500507
-93.2650108,44.977753
-66.590149,18.220833
12.56738,41.87194
-71.6484804,-35.4232444
-97.1330683,33.2148412
-8.6291053,41.1579438
-79.3831843,43.653226
-3.435973,55.378051
-86.8026611,33.4940089
-82.9987942,39.9611755
-66.590149,18.220833
-81.5157535,27.6648274
-118.1479208,34.1469288
8.3192949,40.5579517
45.079162,23.885942
-81.8661442,28.0582985
-79.9223592,-2.1709979
-77.4291298,39.0066993
9.189982,45.4642035
-123.3656444,48.4284207
9.189982,45.4642035
12.5683372,55.6760968
9.8450766,52.6367036
10.451526,51.165691
-108.07765,25.4586777
-121.2880059,38.7521235
9.7320104,52.3758916
-66.590149,18.220833
14.4603206,40.8984445
-104.6188943,50.4452112
-118.3173209,34.0954806
-122.2913078,37.8271784
-70.3125988,-18.4782534
-117.4260465,47.6587802
18.0004304,40.2896113
-71.5996137,-35.846407
-73.5107131,45.5369442
-99.133208,19.4326077
-71.0588801,42.3600825
-76.5319854,3.4516467
-0.1277583,51.5073509
-3.651495,50.792592
-74.4056612,40.0583238
-77.0368707,38.9071923
-100.3161126,25.6866142
-75.163389,39.9629406
-77.0368707,38.9071923
-106.346771,56.130366
9.4730519,55.495973
-110.9559192,29.0729673
-61.222503,10.691803
-80.155184,42.112558
-78.183406,-1.831239
9.9936819,53.5510846
-118.2000277,34.2068182
-121.9780153,37.7799273
-65.8203943,18.1551337
-118.2436849,34.0522342
-74.0059728,40.7127753
-113.7173037,52.475399
-97.3393788,38.0320628
-70.3125988,-18.4782534
-110.847022,32.220763
-70.8781837,-33.6060255
0.499552,43.741616
-100.3898876,20.5888184
-66.4758583,18.433005
72.5713621,23.022505
18.643501,60.128161
-66.6140616,18.0110768
-79.3831843,43.653226
-119.1770516,34.1975048
-99.133208,19.4326077
79.9438624,12.9667498
-71.0588801,42.3600825
-77.0909809,38.8816208
-94.1023906,43.6375818
-0.1277583,51.5073509
72.8776559,19.0759837
-1.1581086,52.9547832
-70.6692655,-33.4488897
8.227512,46.818188
-3.7037902,40.4167754
22.937506,-30.559482
-81.5157535,27.6648274
-95.712891,37.09024
-119.4179324,36.778261
-106.346771,56.130366
-3.7037902,40.4167754
17.9410646,40.6459707
-0.419084,44.760362
-74.0059728,40.7127753
-63.616672,-38.416097
-82.5306527,27.3364347
-95.857444,36.118537
-119.4179324,36.778261
-101.1949825,19.7059504
-101.1949825,19.7059504
-79.0377388,43.0962143
-70.3125988,-18.4782534
-95.712891,37.09024
-103.3496092,20.6596988
-122.3320708,47.6062095
9.950687,55.3477316
-97.861099,22.2331041
-77.0368707,38.9071923
-116.5963713,31.8667427
11.5819805,48.1351253
-117.1610838,32.715738
10.9861466,48.2653605
9.8450766,52.6367036
-118.7986152,55.1699396
-116.5765035,53.9332706
-93.2009998,44.9374831
0.199556,48.00611
2.213749,46.227638
-71.5500276,-33.0153481
-87.909007,42.9898263
-1.553621,47.218371
-103.3496092,20.6596988
-79.3078787,45.0389565
-109.9465144,27.5139129
22.937506,-30.559482
8.6532586,45.9676218
-1.5333233,47.2069211
10.451526,51.165691
-89.3985283,40.6331249
-79.9703547,-1.8636132
11.5354214,45.5454787
-87.9703461,42.0039178
4.4970097,52.1601144
-74.0059728,40.7127753
7.716918,45.1797783
9.3892445,47.6363377
-77.0368707,38.9071923
0.9707801,52.1872472
-103.3496092,20.6596988
-98.2374954,19.318154
-98.2062727,19.0414398
-70.7422748,-34.1649205
8.9410106,45.5056869
12.4963655,41.9027835
-101.1949825,19.7059504
120.9924079,14.5243207
4.3517211,50.8503463
-72.331113,-40.2310217
-72.5204827,-40.4190213
28.2037114,-25.7372259
-70.6093325,-33.4314474
-0.4877852,47.2913545
-106.346771,56.130366
-79.5940544,-2.1387682
-70.9170683,-53.1638329
-79.0558445,35.9131996
-72.6506488,41.5623209
-119.4179324,36.778261
12.4963655,41.9027835
-99.2001,19.3404
-79.2902133,43.0581645
-70.162651,18.735693
9.501785,56.26392
-117.1610838,32.715738
-98.7623874,20.0910963
-66.590149,18.220833
0.290472,50.768035
-122.3320708,47.6062095
-77.0445711,38.9054349
-80.2481666,43.5448048
-78.1146866,-2.3051062
-66.1057355,18.4655394
-117.3614806,34.1920507
-70.3975022,-23.6509279
138.252924,36.204824
-76.8867008,40.2731911
-105.2253316,20.653407
134.6734778,34.8530808
-82.1338961,29.2016499
-77.7266088,0.6305477
12.56738,41.87194
-57.575926,-25.2637399
-71.542969,-35.675147
-73.8648268,40.8447819
12.5049241,55.883514
-100.9855409,22.1564699
-66.590149,18.220833
-79.9958864,40.4406248
-111.9260519,33.4941704
-95.712891,37.09024
-78.183406,-1.831239
-70.3975022,-23.6509279
-70.5573124,-33.3989812
-70.6504896,-33.4375545
12.56738,41.87194
15.2551187,54.5259614
-0.1277583,51.5073509
-70.3975022,-23.6509279
-1.9108802,52.4857957
11.2742002,45.3953713
18.0685808,59.3293235
-100.3898876,20.5888184
10.451526,51.165691
-99.1411154,23.7369164
-118.4109089,33.8847361
-0.1277583,51.5073509
12.989615,41.6552418
5.1214201,52.0907374
-0.1277583,51.5073509
-73.993516,40.7195084
-86.2353388,41.7055716
-79.9223592,-2.1709979
106.8650395,-6.17511
-78.1210327,0.3697668
-70.7908059,-33.7830822
-71.542969,-35.675147
-78.6568942,21.4691137
-81.378447,40.7989473
-70.6415277,-33.4791771
139.8828072,36.5551124
-70.6692655,-33.4488897
-80.765361,35.2775488
138.252924,36.204824
9.1744277,45.4455572
-115.1398296,36.1699412
7.0192196,51.0459248
36.6829927,-3.3869254
-149.0729714,62.4113634
-105.1273817,39.9193013
-91.3963264,44.9406831
106.227305,29.592024
14.2681244,40.8517746
12.5232203,41.8828053
137.3914662,34.7691995
-95.712891,37.09024
-79.8296743,44.4716525
-79.4196783,44.6082465
-83.5854997,42.0706631
-93.3708567,37.2191474
-72.331113,-40.2310217
-79.2112769,-4.0078909
-102.552784,23.634501
4.3517103,50.8503396
-74.0059728,40.7127753
-74.0059728,40.7127753
-79.3831843,43.653226
-70.6692655,-33.4488897
19.040235,47.497912
-74.511172,40.3025907
15.439504,47.070714
11.5819805,48.1351253
-78.4678382,-0.1806532
-71.1002881,-34.0264691
103.4492838,15.9335894
115.8078102,-32.0807296
-127.6476205,53.7266683
8.2597728,50.0043663
-95.712891,37.09024
-79.6903316,44.3893556
120.6199895,16.0832144
-0.1927892,51.537142
-2.466115,56.706922
23.7275388,37.9838096
8.967322,56.138557
-106.346771,56.130366
-70.6692655,-33.4488897
-98.2062727,19.0414398
77.6743514,12.9090096
-0.1277583,51.5073509
-88.89653,13.794185
133.775136,-25.274398
-3.999461,50.7772135
-73.7738499,-42.6232593
-118.2436849,34.0522342
12.5185583,41.9123441
-88.296146,18.5001889
-100.3161126,25.6866142
-71.5500276,-33.0153481
107.6191228,-6.9174639
12.56738,41.87194
28.0473051,-26.2041028
1.419597,50.04887
9.3501336,48.6616037
4.3517211,50.8503463
-0.1601246,52.9451889
13.7929636,43.1801759
14.968707,51.1506269
116.4073963,39.9041999
1.108394,52.376491
-71.542969,-35.675147
4.4777326,51.9244201
-70.65074,-33.454275
11.5819805,48.1351253
-71.5723953,43.1938516
-73.8464283,40.7206746
101.975766,4.210484
-99.133208,19.4326077
-71.542969,-35.675147
-74.2110227,11.2403547
-73.1149469,-40.5761897
77.1765277,28.5547102
10.451526,51.165691
11.2888015,46.7340955
-71.4408752,-33.0482707
-72.5129639,-39.5400605
100.6196553,34.047863
-73.1149469,-40.5761897
12.3730747,51.3396955
-1.9927105,51.3491996
121.4867114,25.0614534
-3.435973,55.378051
12.3155151,45.4408474
-119.2109947,40.7970945
-0.7532809,43.3269942
17.2470303,40.4643606
77.5945627,12.9715987
0.38498,52.31187
115.7718728,-31.8226165
19.5687103,-24.3570767
-80.1373174,26.1224386
36.8219462,-1.2920659
-0.1101902,51.5307595
9.189982,45.4642035
133.775136,-25.274398
-4.2026458,56.4906712
-71.0557607,42.3577963
-110.9660794,32.202956
-94.6858998,46.729553
11.4923894,45.6322628
-57.575926,-25.2637399
9.0851765,45.8080597
-71.0833898,42.3627038
-6.4923145,54.7877149
-89.8052163,46.1008606
-118.3308603,34.1810092
-78.60585,-0.931556
12.4910307,41.8982513
12.3155151,45.4408474
-0.106333,50.999041
2.213749,46.227638
-58.3815591,-34.6036844
-72.1257606,45.2773501
-100.3161126,25.6866142
-3.0025615,16.7665887
-79.560562,45.03676
-94.705405,37.4196255
10.451526,51.165691
8.459405,55.476466
-70.6692655,-33.4488897
144.9630576,-37.8136276
-87.6297982,41.8781136
13.404954,52.5200066
12.4963655,41.9027835
12.4963655,41.9027835
12.56738,41.87194
9.189982,45.4642035
11.8767611,45.4064349
144.9630576,-37.8136276
6.2871221,50.8948824
138.252924,36.204824
13.404954,52.5200066
-84.2963123,33.7748275
-97.6982272,39.4795571
-97.1383744,49.895136
114.057865,22.543096
101.6704523,3.1132444
-94.587236,39.051187
-102.5832426,22.7708555
-121.9808531,37.228331
9.1829321,48.7758459
12.0380948,49.5554229
-99.133208,19.4326077
8.468946,60.472024
-98.7623874,20.0910963
121.774017,12.879721
-71.6126885,-33.047238
101.975766,4.210484
77.2090212,28.6139391
38.996815,34.802075
101.5288898,3.07368
-102.5832426,22.7708555
139.5932055,35.9773805
-115.1398296,36.1699412
-103.3864868,20.6947614
-95.712891,37.09024
-82.4065901,42.974536
-99.133208,19.4326077
-95.666192,29.649739
-101.1949825,19.7059504
-72.8305154,41.8096201
-71.542969,-35.675147
-80.3997748,26.1003654
-92.5249756,41.58551
-83.8888647,43.5944677
108.9788818,34.2889919
-85.6023643,44.3148443
139.8835651,36.565725
-77.0368707,38.9071923
-102.552784,23.634501
-101.1949825,19.7059504
-79.6441198,43.5890452
-71.2399037,-33.1065458
-98.2062727,19.0414398
-95.712891,37.09024
-77.4360481,37.5407246
-83.5023135,41.6887706
8.6724335,49.3987524
-99.133208,19.4326077
-94.5785667,39.0997265
-99.133208,19.4326077
-66.1110682,18.3615548
-71.6126885,-33.047238
75.7872709,26.9124336
-102.552784,23.634501
78.486671,17.385044
-122.8490125,49.1913466
-1.3834524,50.9104462
-79.6903316,44.3893556
-87.0470078,41.4860046
-85.1797142,42.3211522
-92.4083022,41.0160293
-102.552784,23.634501
-97.7430608,30.267153
9.189982,45.4642035
-100.3161126,25.6866142
11.2486208,43.7710513
-95.712891,37.09024
-84.269857,33.246755
-93.6091064,41.6005448
-102.5832426,22.7708555
-102.552784,23.634501
-3.119963,39.4078976
12.4963655,41.9027835
-66.590149,18.220833
-99.133208,19.4326077
-1.2577263,51.7520209
-119.4179324,36.778261
-102.552784,23.634501
-81.4889179,28.455502
-102.552784,23.634501
-123.0824217,49.2501243
-100.3161126,25.6866142
-100.3161126,25.6866142
-93.3788108,43.1435564
-57.575926,-25.2637399
-66.58973,6.42375
101.975766,4.210484
-72.073063,-45.5698334
-77.0368707,38.9071923
-87.6297982,41.8781136
-66.590149,18.220833
-99.133208,19.4326077
-96.7265889,17.0731842
-65.4816759,18.1374242
-103.3496092,20.6596988
-117.1610838,32.715738
-85.323214,51.253775
138.2271687,34.7413036
-71.6055123,-33.5922807
-111.8916255,40.5266931
12.4963655,41.9027835
-99.9613512,20.3905428
12.9035965,41.4675671
-71.542969,-35.675147
-99.133208,19.4326077
-76.6412712,39.0457549
-88.296146,18.5001889
-70.6692655,-33.4488897
-71.5500276,-33.0153481
-95.712891,37.09024
-92.1974065,41.9983294
-70.6692655,-33.4488897
-93.2650108,44.977753
-58.443832,-23.442503
-74.924321,42.7006303
-107.4795173,25.1721091
-77.0368707,38.9071923
-71.542969,-35.675147
-82.907123,40.4172871
-86.902298,32.3182314
-71.542969,-35.675147
121.0851097,14.5763768
10.451526,51.165691
-70.5978415,-33.4566678
13.7929636,43.1801759
-93.6091064,41.6005448
-99.1013498,18.6813049
14.2681244,40.8517746
-92.068731,32.5309807
-3.74922,40.463667
-70.7406259,-34.1701324
-78.9503525,-4.0655892
-72.1023351,-36.6062618
-71.542969,-35.675147
-64.183316,10.431916
-118.1445155,34.1477849
-99.2215659,18.9242095
-71.542969,-35.675147
10.4950609,43.8376211
-99.133208,19.4326077
-71.542969,-35.675147
15.0830304,37.5078772
-74.0059728,40.7127753
15.0830304,37.5078772
4.7817564,52.1802606
-70.5831069,-33.6793441
35.862285,33.854721
-117.8370968,33.6446621
-95.712891,37.09024
-102.4107493,34.2331373
-81.0348144,34.0007104
12.4963655,41.9027835
6.6371433,49.749992
-2.9879859,53.4063747
31.2357116,30.0444196
-88.89653,13.794185
12.56738,41.87194
-66.6140616,18.0110768
-83.6824384,42.0853204
-3.188267,55.953252
-77.1945247,41.2033216
-117.1610966,32.7157305
-77.0368707,38.9071923
-113.7173037,52.475399
-70.9170683,-53.1638329
-119.4179324,36.778261
10.451526,51.165691
-70.1356692,-20.2307033
34.888822,-6.369028
-93.3708567,37.2191474
-66.590149,18.220833
-55.2590707,-25.4302418
-70.6692655,-33.4488897
153.1932534,-28.6104322
14.550072,47.516231
-71.2166838,-33.6861588
-84.3879824,33.7489954
-70.6692655,-33.4488897
-116.3915131,43.6121087
-71.542969,-35.675147
-72.1023351,-36.6062618
-66.590149,18.220833
-111.0000281,32.2266261
-102.552784,23.634501
5.291266,52.132633
-3.435973,55.378051
-119.4179324,36.778261
12.56738,41.87194
18.1750161,40.3515155
-122.435965,37.7218132
-71.542969,-35.675147
-71.542969,-35.675147
-89.4012302,43.0730517
-0.1277583,51.5073509
-75.163389,39.9629406
-70.6453887,-33.4456835
-78.4751945,-0.1464847
-66.590149,18.220833
-99.2215659,18.9242095
-6.8498129,33.9715904
8.6821267,50.1109221
12.56738,41.87194
-72.068265,-45.5712254
-80.0656611,-3.5562451
-122.2913078,37.8271784
-70.6613511,-33.5264495
-81.5157535,27.6648274
-96.685679,33.1747056
-58.443832,-23.442503
-100.3161126,25.6866142
-66.1653224,18.389396
-79.9223592,-2.1709979
-84.3879824,33.7489954
-78.183406,-1.831239
-9.0567905,53.270668
-2.2426305,53.4807593
-59.6157156,13.1097788
-70.6692655,-33.4488897
-72.9411364,-41.468917
-66.590149,18.220833
-102.552784,23.634501
20.1414253,46.2530102
-125.2733353,50.0331226
-86.1349019,40.2671941
10.451526,51.165691
-71.542969,-35.675147
-81.2452768,42.9849233
10.451526,51.165691
-57.575926,-25.2637399
-71.542969,-35.675147
-0.1277583,51.5073509
-70.7406259,-34.1701324
-71.542969,-35.675147
29.9713427,31.2353047
-79.4084652,45.1841122
9.6626339,45.0546112
11.0766654,49.4521018
-84.3879824,33.7489954
-90.4643906,38.6887567
0.4690888,51.7343313
11.02988,50.9847679
-71.542969,-35.675147
12.453389,41.902916
9.8450766,52.6367036
-76.4951412,44.2252795
-93.6319131,42.0307812
7.5353625,45.0057265
-78.4678382,-0.1806532
-102.552784,23.634501
-66.590149,18.220833
-95.712891,37.09024
-119.018876,35.294977
-70.5978415,-33.4566678
-70.6504896,-33.4375545
-79.391605,0.0091672
7.6868565,45.070312
-99.133208,19.4326077
-79.3741834,44.919643
13.0182123,46.403496
-89.4012302,43.0730517
-48.5482195,-27.5948698
-118.2436849,34.0522342
-99.2215659,18.9242095
-77.2013705,39.1434406
-78.183406,-1.831239
9.123962,45.4781236
-71.542969,-35.675147
-93.3708567,37.2191474
-111.9260519,33.4941704
-70.65074,-33.454275
-96.7969879,32.7766642
-70.6692655,-33.4488897
34.508523,-8.783195
-79.6109049,-3.6873033
-95.2041135,32.5884735
-72.1023351,-36.6062618
-78.183406,-1.831239
-79.1879383,-0.2521882
-82.9987942,39.9611755
-86.01335,39.9567548
-70.599767,-33.5141494
-66.590149,18.220833
-70.6664309,-33.4739211
11.5819805,48.1351253
-70.6692655,-33.4488897
-0.1277583,51.5073509
-75.6971931,45.4215296
20.1414253,46.2530102
-81.2154413,29.5584703
-74.0059728,40.7127753
-100.3161126,25.6866142
13.3612671,38.1156879
12.56738,41.87194
-85.7584557,38.2526647
-84.3879824,33.7489954
-95.7739697,36.0420724
-78.183406,-1.831239
-84.5613355,39.3995008
-123.0350963,44.9428975
-111.9260519,33.4941704
-78.183406,-1.831239
12.3155151,45.4408474
-78.5084937,45.0467132
-70.6692655,-33.4488897
15.5446302,41.4621984
12.989615,41.6552418
-100.9551369,20.473366
-78.1210327,0.3697668
-120.3504838,47.4471193
-99.1013498,18.6813049
-71.542969,-35.675147
-72.8720844,41.3678757
-74.4056612,40.0583238
-116.6256752,32.563609
-110.847022,32.220763
-89.4012302,43.0730517
-70.6692655,-33.4488897
-71.542969,-35.675147
-1.890401,52.486243
-74.0059728,40.7127753
-88.4153847,44.2619309
-118.2436849,34.0522342
-71.542969,-35.675147
-75.1969346,39.8422093
-99.1495107,19.4356338
-58.443832,-23.442503
-95.2352501,38.9716689
-82.4571776,27.950575
-73.0443904,-36.8201352
9.1216613,39.2238411
10.89779,48.3705449
-71.542969,-35.675147
7.6093633,50.3078274
-73.0443904,-36.8201352
-65.8793288,18.0505201
-88.7878678,43.7844397
12.56738,41.87194
-78.183406,-1.831239
-0.1277583,51.5073509
-95.712891,37.09024
-117.3961564,33.9533487
-77.0368707,38.9071923
-103.3496092,20.6596988
-87.6297982,41.8781136
10.23927,47.69424
-77.042754,-12.0463731
-71.542969,-35.675147
-79.8056661,-3.3259044
-0.1277583,51.5073509
-79.6109049,-3.6873033
-66.6140616,18.0110768
-46.6333094,-23.5505199
15.6756028,40.7181587
9.501785,56.26392
-99.1013498,18.6813049
9.950687,55.3477316
-70.6692655,-33.4488897
12.4963655,41.9027835
-77.0909809,38.8816208
-77.0368707,38.9071923
-102.552784,23.634501
-66.590149,18.220833
-106.4245478,31.6903638
-77.0368707,38.9071923
-99.1013498,19.2464696
-79.8184684,-3.2368706
-73.9712488,40.7830603
-2.539603,42.2870733
-79.9668308,-3.4593888
12.8856556,49.0800394
1.444209,43.604652
-107.3940117,24.8090649
-90.0489801,35.1495343
-102.552784,23.634501
-101.6859605,21.1250077
-72.3691987,-37.470453
-94.7335709,38.9536174
-80.799583,35.203767
6.9602786,50.937531
-87.6806932,41.9429811
-79.8882,-2.2000444
-0.1277583,51.5073509
-92.9475061,17.989456
-72.3007623,-46.378345
-51.2176584,-30.0346471
-80.8486846,35.4993031
-70.9170683,-53.1638329
-122.1107711,37.6339611
-0.1277583,51.5073509
-77.0947092,38.984652
13.404954,52.5200066
-79.5394625,43.8430176
-70.050314,-27.5660558
-2.9605206,58.9809401
-71.542969,-35.675147
138.252924,36.204824
-70.6692655,-33.4488897
-71.6055123,-33.5922807
-107.4795173,25.1721091
-71.542969,-35.675147
-0.1277583,51.5073509
-80.7089101,-0.9676533
10.9916215,45.4383842
-71.542969,-35.675147
-105.1273817,39.9193013
-95.712891,37.09024
-2.450785,53.353745
4.4024643,51.2194475
-95.971261,36.153315
-4.2026458,56.4906712
-102.4107493,34.2331373
13.41477,48.55653
-78.183406,-1.831239
-87.0611412,41.4730948
4.3517211,50.8503463
-122.2403966,47.2031566
-75.6756888,4.5350004
-70.1356692,-20.2307033
-72.5903739,-38.7359018
-70.3125988,-18.4782534
-87.9703461,42.0039178
10.2118019,45.5415526
-98.2062727,19.0414398
-71.542969,-35.675147
12.5801539,48.8777333
-93.2401366,44.9663002
-74.2179326,43.2994285
-70.6692655,-33.4488897
-98.7623874,20.0910963
-72.0047731,-34.3867245
-66.1057355,18.4655394
-66.590149,18.220833
-108.2427502,36.7562059
-121.7943044,37.2674211
20.2038559,47.8057617
-99.133208,19.4326077
-72.5857979,-38.7402113
-89.3985283,40.6331249
-77.0077636,-12.1876499
11.02988,50.9847679
0.9707801,52.1872472
-71.6484804,-35.4232444
-70.6692655,-33.4488897
12.3155151,45.4408474
-94.4191177,39.2461138
-117.1610838,32.715738
-65.8203943,18.1551337
-93.6091064,41.6005448
-77.285787,1.2058837
-110.968881,32.2168967
-1.375982,53.799374
-36.6639577,-9.755588
-93.3708567,37.2191474
-71.8227528,-36.1406484
-70.6692655,-33.4488897
-107.4795173,25.1721091
-71.6126885,-33.047238
-72.3007623,-46.378345
-77.042754,-12.0463731
-77.042754,-12.0463731
36.8219462,-1.2920659
-84.323258,33.9392682
-71.542969,-35.675147
-117.935274,34.033879
-71.542969,-35.675147
-73.9441579,40.6781784
19.040235,47.497912
-79.0219413,-2.8998316
-72.4966896,7.8890971
-66.6140616,18.0110768
4.3517211,50.8503463
4.3517211,50.8503463
-118.1479208,34.1469288
-80.1917902,25.7616798
-74.0059728,40.7127753
-74.0059728,40.7127753
-73.96785,40.757627
-74.4056612,40.0583238
-79.9703547,-1.8636132
-74.0059728,40.7127753
-74.6329363,40.5695474
-108.9917304,25.7904061
-71.542969,-35.675147
-1.154471,51.5759029
-78.8783689,42.8864468
5.1214201,52.0907374
-82.7994194,42.6960659
-70.3321587,-27.3665763
-80.2225448,-3.4763823
-70.3321587,-27.3665763
-66.590149,18.220833
-74.0059728,40.7127753
-95.712891,37.09024
-95.712891,37.09024
-78.183406,-1.831239
-58.443832,-23.442503
-79.8254722,-3.7585919
-84.9877094,32.4609764
-70.3321587,-27.3665763
4.8949191,52.3747422
-3.435973,55.378051
-3.435973,55.378051
-79.5940544,-2.1387682
-68.99002,12.16957
-3.435973,55.378051
11.2486208,43.7710513
-70.6692655,-33.4488897
-99.98301,21.9243508
-0.1277583,51.5073509
-80.3047846,40.6953437
-105.110431,39.7285429
-0.1277583,51.5073509
13.404954,52.5200066
-57.575926,-25.2637399
-71.542969,-35.675147
36.8219462,-1.2920659
-70.3975022,-23.6509279
-70.6415277,-33.4791771
11.1119574,50.1112251
-73.0443904,-36.8201352
7.354919,47.603262
-70.7008631,19.4675855
12.3155151,45.4408474
-89.9839935,38.5200504
-69.1328491,-23.8634189
-71.6484804,-35.4232444
-71.6484804,-35.4232444
-70.8119953,-30.540181
-72.331113,-40.2310217
-71.6484804,-35.4232444
-71.5723953,-35.5163603
-70.305645,-18.4790774
37.2634146,-1.5176837
4.835659,45.764043
-50.6180771,-24.3250322
2.3522219,48.856614
12.56738,41.87194
-71.6484804,-35.4232444
-105.1273817,39.9193013
7.0192196,51.0459248
-86.8685313,12.460048
-69.7863,-20.2595
72.9316612,19.11788
9.1829321,48.7758459
-71.17778,43.227021
-70.6692655,-33.4488897
-69.4454689,45.253783
-122.9602621,48.6118035
-74.072092,4.7109886
12.56738,41.87194
13.0208058,48.7896497
16.9230944,39.1006118
140.4467935,36.3418112
-54.6753231,-25.5085286
11.2486208,43.7710513
-6.2603097,53.3498053
112.2384017,-7.5360639
-0.1277583,51.5073509
22.937506,-30.559482
11.7910546,45.610247
-98.2062727,19.0414398
-74.0059728,40.7127753
-71.542969,-35.675147
10.4135465,44.1094753
8.3512342,49.5431853
9.9936819,53.5510846
12.4295953,53.6126505
-71.6981538,-33.398596
34.4877423,0.3332218
36.7442377,-1.3938636
-49.2649341,-25.4455168
-77.5275463,43.0789942
12.56738,41.87194
8.8016936,53.0792962
-70.3975022,-23.6509279
-70.6692655,-33.4488897
144.9630576,-37.8136276
9.0924903,55.3307714
-102.3463875,34.4985047
11.875492,54.765422
11.6276237,52.1205333
-85.323214,51.253775
8.8250576,45.8205989
3.3792057,6.5243793
11.5819805,48.1351253
-70.6692655,-33.4488897
-77.0368707,38.9071923
55.2707828,25.2048493
-93.2922989,37.2089572
8.2397608,50.0782184
30.3350986,59.9342802
-84.2242641,33.9731318
-100.3161126,25.6866142
138.252924,36.204824
16.5527874,40.8253924
-97.7013657,30.3058236
138.569097,37.358571
12.0380948,49.5554229
138.252924,36.204824
120.6314948,17.5881847
113.921327,-0.789275
106.8650395,-6.17511
-66.590149,18.220833
14.9388853,37.6125984
-71.542969,-35.675147
106.8650395,-6.17511
-71.542969,-35.675147
21.824312,39.074208
-75.6971931,45.4215296
106.8961132,-6.2320993
139.8828072,36.5551124
-79.0058965,-2.9001285
36.8219462,-1.2920659
11.0131217,44.4835861
-70.3975022,-23.6509279
36.8219462,-1.2920659
9.6961167,54.2193672
7.5889959,50.3569429
-38.466995,-12.8998002
12.56738,41.87194
-3.7037902,40.4167754
101.686855,3.139003
12.4963655,41.9027835
11.089188,55.686429
110.3249238,-7.8341286
-1.890401,52.486243
7.6261347,51.9606649
9.189982,45.4642035
17.1011931,40.7928393
2.1734035,41.3850639
76.7106679,10.0068392
8.8159083,51.7837494
36.8219462,-1.2920659
36.8219462,-1.2920659
-93.3708567,37.2191474
10.451526,51.165691
34.851612,31.046051
8.6952638,50.0522076
-1.61778,54.978252
-106.4111425,23.2494148
10.5886294,55.8146665
-122.3872691,37.7703742
-0.797897,54.136836
11.3307574,43.318809
36.8219462,-1.2920659
14.550072,47.516231
-102.552784,23.634501
6.129583,49.815273
106.8650395,-6.17511
139.7799956,35.712607
12.56738,41.87194
-3.7037902,40.4167754
36.5763184,-0.6063765
16.2838207,41.3196635
139.8835651,36.565725
-73.8464283,40.7206746
-0.1277583,51.5073509
107.8050772,-6.4952673
6.1431577,46.2043907
-97.342782,31.0982344
-97.4247046,35.4629196
0.290472,50.768035
106.8340911,-6.1864864
106.6527099,-6.2023936
106.8650395,-6.17511
-86.1349019,40.2671941
134.3680832,34.0735984
7.0115552,51.4556432
8.8633326,44.8952122
-108.985882,25.7904657
-79.3831843,43.653226
-77.0428891,38.9054805
12.5683372,55.6760968
-100.2113828,25.7548646
77.2090212,28.6139391
9.1624376,50.6520515
138.252924,36.204824
101.975766,4.210484
-1.559405,47.207121
144.9630576,-37.8136276
110.3694896,-7.7955798
-102.4107493,34.2331373
16.3738189,48.2081743
106.8650395,-6.17511
106.8650395,-6.17511
8.7760843,50.0956362
-149.4936733,64.2008413
115.66283,-2.2179704
-80.1373174,26.1224386
10.451526,51.165691
-95.712891,37.09024
-95.712891,37.09024
113.921327,-0.789275
113.921327,-0.789275
-87.6707659,41.8030915
-79.0566596,35.9131668
106.8650395,-6.17511
-86.1349019,40.2671941
106.8650395,-6.17511
-85.6023643,44.3148443
-2.000846,43.298895
-81.4498717,37.2232316
-3.7037902,40.4167754
-95.712891,37.09024
-111.0937311,39.3209801
-102.552784,23.634501
-86.1089301,42.7875235
138.252924,36.204824
-71.5500276,-33.0153481
-99.133208,19.4326077
-107.4795173,25.1721091
-106.4111425,23.2494148
-107.3940117,24.8090649
-94.6707917,38.9822282
-95.712891,37.09024
-89.9106632,39.7253276
-122.2913078,37.8271784
133.775136,-25.274398
-73.9712488,40.7830603
-107.3940117,24.8090649
-99.9961947,25.592172
-93.097702,41.8780025
-106.4111425,23.2494148
-88.0603806,44.4488805
139.6380256,35.4437078
-80.7529731,-1.8268465
-79.3831843,43.653226
-113.4909267,53.544389
139.7319925,35.7090259
-80.1448023,40.7866883
-70.3975022,-23.6509279
-87.6297982,41.8781136
-107.3940117,24.8090649
134.6734778,34.8530808
-96.5272313,40.9172208
-118.2436849,34.0522342
-95.712891,37.09024
-71.542969,-35.675147
-111.7652451,34.7754926
-98.2831973,26.0802032
8.227512,46.818188
108.1649965,53.5587003
-70.6692655,-33.4488897
-70.7444128,-33.4403407
116.4073963,39.9041999
-107.3940117,24.8090649
-76.078042,39.254088
-122.3447964,47.6147023
-118.308526,34.0745498
-77.4291298,39.0066993
-70.2553259,43.661471
-71.542969,-35.675147
-98.2374954,19.318154
-96.7132304,17.0542297
-122.2055884,47.76095
-78.898619,35.9940329
-117.9389964,33.8080266
-71.542969,-35.675147
-70.6692655,-33.4488897
-108.07765,25.4586777
-85.6206317,44.7630567
137.3914662,34.7691995
-87.6297982,41.8781136
-105.937799,35.6869752
-96.4962022,28.4248339
-71.6484804,-35.4232444
11.2558136,43.7695604
-0.1277583,51.5073509
-123.2620435,44.5645659
-107.3940117,24.8090649
-107.4795173,25.1721091
-93.0899578,44.9537029
-66.590149,18.220833
139.3179362,35.5989918
142.7027956,-20.9175738
-66.590149,18.220833
-107.3940117,24.8090649
-102.552784,23.634501
106.71514,10.814769
-102.552784,23.634501
-80.1448023,40.7866883
-73.9992966,40.7453369
110.7850791,-7.5589642